cluster_id,cluster_name
0,model ; data ; climate ; models ; time
1,optimization ; algorithm ; problem ; algorithms ; problems
2,fairness ; model ; data ; voting ; models
3,mimo ; channel ; multiple ; proposed ; antenna
4,mathbb ; theory ; function ; functions ; results
5,learning ; data ; model ; tasks ; training
6,heat ; thermal ; energy ; temperature ; model
7,time ; model ; dynamics ; systems ; non
8,image ; images ; based ; methods ; data
9,time ; problem ; based ; model ; algorithm
10,segmentation ; images ; image ; network ; learning
11,test ; data ; tests ; testing ; based
12,tree ; trees ; data ; random ; forest
13,bandit ; regret ; bandits ; algorithm ; problem
14,gaussian ; model ; data ; gp ; models
15,treatment ; data ; model ; effect ; effects
16,learning ; reinforcement ; rl ; drl ; based
17,signal ; based ; frequency ; time ; noise
18,control ; model ; systems ; controller ; based
19,neural ; networks ; network ; learning ; data
20,gravitational ; hole ; black ; gravity ; holes
21,algebras ; algebra ; mathcal ; mathfrak ; mathbb
22,galaxies ; stars ; stellar ; galaxy ; mass
23,quantum ; classical ; state ; states ; entanglement
24,covid ; learning ; images ; chest ; lung
25,mathbb ; curvature ; curves ; space ; surfaces
26,risk ; portfolio ; market ; model ; financial
27,electron ; graphene ; temperature ; superconductivity ; metal
28,codes ; decoding ; code ; data ; paper
29,economic ; income ; model ; tax ; data
30,covid ; 19 ; pandemic ; model ; data
31,space ; spaces ; mathbb ; metric ; prove
32,speech ; asr ; model ; speaker ; tts
33,neutrino ; quark ; model ; higgs ; mass
34,channel ; wireless ; communication ; based ; proposed
35,federated ; learning ; fl ; data ; model
36,optical ; photon ; laser ; quantum ; light
37,graph ; graphs ; problem ; number ; vertices
38,privacy ; data ; security ; blockchain ; based
39,magnetic ; spin ; field ; magnetization ; temperature
40,video ; videos ; quality ; based ; model
41,robot ; robots ; control ; based ; robotic
42,tensor ; tensors ; rank ; data ; model
43,detection ; data ; based ; proposed ; anomaly
44,diffusion ; time ; model ; method ; reaction
45,sampling ; data ; based ; algorithm ; distribution
46,causal ; data ; treatment ; model ; effects
47,random ; distribution ; model ; data ; results
48,matrix ; algorithm ; problem ; data ; method
49,audio ; music ; sound ; model ; data
50,theorem ; conjecture ; mathbb ; prove ; theory
51,epidemic ; model ; infection ; disease ; infected
52,polynomials ; mathbb ; functions ; polynomial ; function
53,paper ; model ; results ; theory ; prove
54,based ; model ; data ; images ; learning
55,group ; groups ; mathbb ; finite ; abelian
56,data ; research ; ai ; based ; information
57,language ; models ; model ; data ; text
58,forecasting ; time ; model ; data ; series
59,gan ; gans ; image ; images ; adversarial
60,data ; estimation ; model ; estimator ; estimators
61,network ; networks ; model ; data ; based
62,learning ; data ; model ; algorithm ; based
63,imaging ; data ; image ; reconstruction ; images
64,data ; based ; model ; time ; performance
65,adversarial ; attacks ; model ; training ; data
66,sparse ; data ; method ; problem ; algorithm
67,stochastic ; time ; model ; data ; models
68,species ; model ; population ; phylogenetic ; data
69,dark ; matter ; dm ; model ; mass
70,transport ; optimal ; ot ; problem ; model
71,market ; price ; pricing ; model ; prices
72,speaker ; speech ; voice ; speakers ; model
73,power ; energy ; model ; grid ; based
74,data ; model ; based ; classification ; learning
75,control ; systems ; time ; nonlinear ; linear
76,bayesian ; model ; data ; models ; posterior
77,data ; model ; cardiac ; based ; using
78,data ; spatial ; model ; based ; method
79,manifold ; manifolds ; riemannian ; dimensional ; symplectic
80,games ; game ; player ; nash ; players
81,uav ; network ; ris ; networks ; wireless
82,learning ; machine ; data ; model ; models
83,number ; mathbb ; results ; prove ; paper
84,protein ; data ; gene ; model ; based
85,vehicles ; traffic ; vehicle ; model ; driving
86,flow ; model ; fluid ; turbulent ; numerical
87,learning ; rl ; reinforcement ; policy ; agent
88,cell ; cells ; model ; tissue ; bone
89,brain ; eeg ; model ; data ; network
90,model ; models ; information ; based ; data
91,social ; network ; twitter ; data ; media
92,data ; based ; images ; proposed ; method
93,spin ; quantum ; field ; topological ; symmetry
94,model ; models ; data ; regression ; based
95,logic ; model ; paper ; problem ; systems
96,learning ; deep ; data ; model ; based
97,clustering ; data ; cluster ; clusters ; algorithm
98,molecular ; model ; energy ; molecules ; using
99,equation ; equations ; method ; solutions ; numerical
